raw_norm,canonical
100% adjudicacion desde 0€,100% Adjudicación Desde 0€
2 ruote,2 Ruote
6top,6top
actros mercedes-benz bank,Actros Mercedes Benz Bank
alphabet austria,Alphabet Austria
alphabet body damaged cars,Alphabet Body Damaged Cars
alphabet lcv/bedrijfsauto veiling,Alphabet Lcv/bedrijfsauto Veiling
alphabet lcv/bedrijfsauto veiling (woensdag),Alphabet Lcv/bedrijfsauto Veiling (woensdag)
alphabet lcv/nutzfahrzeuge,Alphabet Lcv/nutzfahrzeuge
alphabet lease veiling (dinsdag),Alphabet Lease Veiling (dinsdag)
alphabet lease veiling (donderdag),Alphabet Lease Veiling (donderdag)
alphabet lease veiling (maandag),Alphabet Lease Veiling (maandag)
alphabet premium cars,Alphabet Premium Cars
alphabet technical damaged cars,Alphabet Technical Damaged Cars
alphabet used cars,Alphabet Used Cars
alphabet used company cars,Alphabet Used Company Cars
alphabet vente weekend,Alphabet Vente Weekend
aukcja bmw/mini,Aukcja Bmw/mini
aukcja pojazdow uszkodzonych,Aukcja Pojazdów Uszkodzonych
aukcja samochodow premium,Aukcja Samochodów Premium
aukcja samochodow uzytkowych,Aukcja Samochodów Uzytkowych
avis damaged vehicles,Avis Damaged Vehicles
ayvens multiproducto a martillo,Ayvens Multiproducto A Martillo
banks & credit institutions – xbid,Banks & Credit Institutions
bca bikes,Bikes
bca cars4dealers – xbid – tradeins from dealer groups,Cars4dealers Tradeins From Dealer Groups
bca direct classicos,Direct Clássicos
bca exclusivo bmw mini,Exclusivo Bmw Mini
bca miniprice,Miniprice
bca mix,Mix
bca outlet  – xbid – vehicles in need of mechanical work,Outlet Vehicles In Need Of Mechanical Work
bca wknd miniprice & mix,Wknd Miniprice & Mix
bca wknd miniprice en mix,Wknd Miniprice En Mix
behordenfahrzeuge – xbid,Behördenfahrzeuge
bmw and mini used car selection,Bmw And Mini Used Car Selection
bmw financial services vehicles,Bmw Financial Services Vehicles
carnext,Carnext
carnext export,Carnext Export
carnext fleet xbid,Carnext Fleet
carnext lease mix,Carnext Lease Mix
carnext overheidsveiling,Carnext Overheidsveiling
carnext premium,Carnext Premium
carnext premium xbid,Carnext Premium
carnext vans,Carnext Vans
commercial vehicles,Commercial Vehicles
daily sale – xbid,Daily Sale
daily sale – xbid dido,Daily Sale Dido
daily sale – xbid fr.mo.,Daily Sale Fr.mo.
daily sale – xbid frmo,Daily Sale Frmo
daily sale – xbid momi,Daily Sale Momi
damaged and not running vehicles,Damaged And Not Running Vehicles
damaged cars,Damaged Cars
damaged cars – xbid,Damaged Cars
danados chapa y mecanica,Dañados Chapa Y Mecánica
danados chapa y mecanica seccion martillo,Dañados Chapa Y Mecánica Sección Martillo
"dansk elbilsauktion, dkk netto - xbid","Dansk Elbilsauktion, Dkk Netto"
dello gruppen auktion,Dello Gruppen Auktion
dutch tax free,Dutch Tax Free
e-bike,E Bike
e-scooter,E Scooter
electric scooter,Electric Scooter
electric scooters,Electric Scooters
electric scooters & e-bike,Electric Scooters & E Bike
electric vehicles,Electric Vehicles
electric vehicles 08/08/2025,Electric Vehicles
especial defenders,Especial Defenders
eu bev friday,Bev
eu bev tuesday,Bev
eu tesla thursday,Tesla
exclusiva dealers bmw/mini,Exclusiva Dealers Bmw/mini
ford used cars,Ford Used Cars
helvetia xbid,Helvetia
hertz damaged vehicles,Hertz Damaged Vehicles
hertz seminuevos,Hertz Seminuevos
industriales,Industriales
kop direkt - 46026299,Köp Direkt 46026299
kop direkt weekend - 46026326,Köp Direkt Weekend 46026326
kop direkt weekend - 46026340,Köp Direkt Weekend 46026340
kop direkt weekend - 46026448,Köp Direkt Weekend 46026448
le mix belge,Le Mix Belge
le mix leasing,Le Mix Leasing
leasing cars,Leasing Cars
leasing cars - buy now,Leasing Cars Buy Now
leasing premium,Leasing Premium
leasing utilitaire,Leasing Utilitaire
leasing utilitaires,Leasing Utilitaires
long & short term rental,Long & Short Term Rental
lynk & co,Lynk & Co
lynk & co – xbid mit sofortkauf,Lynk & Co Mit Sofortkauf
lynk&co be,Lynk&co Be
mbam xbid,Mbam
mercedes benz,Mercedes Benz
mercedes benz italia,Mercedes Benz Italia
mercedes-benz automotive mobility – xbid,Mercedes Benz Automotive Mobility
mercedes-benz financial services austria – xbid,Mercedes Benz Financial Services Austria
miniprecio,Miniprecio
miniprecio seccion martillo,Miniprecio Seccion Martillo
miniprice – xbid,Miniprice
mix leasing,Mix Leasing
mix monday sweden - ready for export,Mix Sweden Ready For Export
mix open tuesday - xbid,Mix Open
mix open wednesday - xbid,Mix Open
mix thursday sweden - ready for export,Mix Sweden Ready For Export
mix used vehicles,Mix Used Vehicles
mixed passenger cars - xbid,Mixed Passenger Cars
monopattini,Monopattini
motos,Motos
nordic mix - xbid,Nordic Mix
nordic mix xbid,Nordic Mix
oferta specjalna alphabet,Oferta Specjalna Alphabet
online auction with xbid,Online Auction With
open auction,Open Auction
personbiler med afgift - xbid,Personbiler Med Afgift
public auction – no buyer fee - xbid,Public Auction No Buyer Fee
publik auktion - 46026283,Publik Auktion 46026283
publik auktion - 46026301,Publik Auktion 46026301
publik auktion - 46026313,Publik Auktion 46026313
publik auktion - 46026329,Publik Auktion 46026329
publik auktion - 46026342,Publik Auktion 46026342
publik auktion - 46026368,Publik Auktion 46026368
publik auktion - 46026376,Publik Auktion 46026376
publik auktion - 46026388,Publik Auktion 46026388
publik auktion - 46026397,Publik Auktion 46026397
publik auktion - 46026410,Publik Auktion 46026410
publik auktion - 46026429,Publik Auktion 46026429
publik auktion - 46026445,Publik Auktion 46026445
publik auktion - 46026469,Publik Auktion 46026469
publik auktion - 46026482,Publik Auktion 46026482
publik auktion - 46026504,Publik Auktion 46026504
publik auktion - 46026538,Publik Auktion 46026538
publik auktion - 46026554,Publik Auktion 46026554
publik auktion - 46026575,Publik Auktion 46026575
publik auktion – 46026265,Publik Auktion 46026265
publik auktion – 46026356,Publik Auktion 46026356
"rental, leasing and oem cars","Rental, Leasing And Oem Cars"
rentals damaged and not running vehicles,Rentals Damaged And Not Running Vehicles
samochody uzywane bmw i mini,Samochody Używane Bmw I Mini
scooter,Scooter
scooter & e-bike,Scooter & E Bike
seleccion bmw,Selección Bmw
seleccion bmw mini,Seleccion Bmw Mini
selezione di veicoli usati bmw e mini,Selezione Di Veicoli Usati Bmw E Mini
seminuevos,Seminuevos
siniestros chapa - body damage,Siniestros Chapa Body Damage
special auction,Special Auction
special evs,Special Evs
subasta exclusiva alphabet,Subasta Exclusiva Alphabet
subasta premium - xbid session,Subasta Premium Session
supermix & mini price,Supermix & Mini Price
supersonica,Supersónica
tf xbid,Tf
top condition - low mileage taxfree xbid,Top Condition Low Mileage Taxfree
top quality direct,Top Quality Direct
tragsa a martillo,Tragsa A Martillo
vare- & personbiler uden afgift,Vare & Personbiler Uden Afgift
vehicules en panne,Véhicules En Panne
vehiculos accidentados – xbid,Vehículos Accidentados
vehiculos acondicionados - refurbished vehicles,Vehículos Acondicionados Refurbished Vehicles
vehiculos averias mecanicas - mechanical damage,Vehículos Averías Mecánicas Mechanical Damage
vente leasing - buy now,Vente Leasing Buy Now
vente mix belge,Vente Mix Belge
vente speciale,Vente Spéciale
vente speciale grele,Vente Spéciale Grele
vente vehiposte,Vente Vehiposte
vetture per pezzi di ricambio,Vetture Per Pezzi Di Ricambio
wknd miniprice & mix,Wknd Miniprice & Mix
wknd miniprice en mix,Wknd Miniprice En Mix
wknd mix & miniprice,Wknd Mix & Miniprice
xbid actros mercedes benz bank,Actros Mercedes Benz Bank
xbid fleet,Fleet
xbid helvetia,Helvetia
xbid mb financial services austria,Mb Financial Services Austria
xbid mit sofortkauf vw marken,Mit Sofortkauf Vw Marken
xbid nutzfahrzeuge,Nutzfahrzeuge
xbid unvollstandige dokumente,Unvollständige Dokumente
young used mercedes,Young Used Mercedes
¡todo a martillo!,¡todo A Martillo!
